presenter,chair1,chair2,title,presenter_gender,chair1_gender,chair2_gender
Marcus Dejmek,N/A,N/A,A.01.01 - POSTER - Advances in atmospheric composition,male,unknown,unknown
Sören Johansson,N/A,N/A,A.01.01 - POSTER - Advances in atmospheric composition,unknown,unknown,unknown
Pepijn Veefkind,N/A,N/A,A.01.01 - POSTER - Advances in atmospheric composition,male,unknown,unknown
Kaley A. Walker,N/A,N/A,A.01.01 - POSTER - Advances in atmospheric composition,female,unknown,unknown
Cristina Surdu,N/A,N/A,A.01.01 - POSTER - Advances in atmospheric composition,female,unknown,unknown
Abou Bakr Merdji,N/A,N/A,A.01.01 - POSTER - Advances in atmospheric composition,unknown,unknown,unknown
David P. Moore,N/A,N/A,A.01.01 - POSTER - Advances in atmospheric composition,male,unknown,unknown
Philipp Schneider,N/A,N/A,A.01.01 - POSTER - Advances in atmospheric composition,male,unknown,unknown
Sarah Vervacke,N/A,N/A,A.01.01 - POSTER - Advances in atmospheric composition,female,unknown,unknown
Pascal Hedelt,N/A,N/A,A.01.01 - POSTER - Advances in atmospheric composition,male,unknown,unknown
Henk Eskes,N/A,N/A,A.01.01 - POSTER - Advances in atmospheric composition,male,unknown,unknown
Kent Bækgaard Lauritsen,N/A,N/A,A.01.01 - POSTER - Advances in atmospheric composition,male,unknown,unknown
Bruno Franco,N/A,N/A,A.01.01 - POSTER - Advances in atmospheric composition,male,unknown,unknown
Huan YU,N/A,N/A,A.01.01 - POSTER - Advances in atmospheric composition,andy,unknown,unknown
Florian Ehmann,N/A,N/A,A.01.01 - POSTER - Advances in atmospheric composition,male,unknown,unknown
Dominika Leskow-Czyzewska,N/A,N/A,A.01.01 - POSTER - Advances in atmospheric composition,female,unknown,unknown
Ewa Slominska,N/A,N/A,A.01.02 - POSTER - Vertical Coupling in the Whole Atmosphere System,female,unknown,unknown
Carsten Schmidt,N/A,N/A,A.01.02 - POSTER - Vertical Coupling in the Whole Atmosphere System,male,unknown,unknown
Tomáš Kaplánek,N/A,N/A,A.02.03 - POSTER - EO for Agriculture Under Pressure,unknown,unknown,unknown
Marion Dugué,N/A,N/A,A.02.03 - POSTER - EO for Agriculture Under Pressure,female,unknown,unknown
Theresa Strobl,N/A,N/A,A.02.03 - POSTER - EO for Agriculture Under Pressure,female,unknown,unknown
Vineet Kumar,N/A,N/A,A.02.03 - POSTER - EO for Agriculture Under Pressure,male,unknown,unknown
Matthew Payne,N/A,N/A,A.02.03 - POSTER - EO for Agriculture Under Pressure,male,unknown,unknown
Sarah Schönbrodt-Stitt,N/A,N/A,A.02.03 - POSTER - EO for Agriculture Under Pressure,female,unknown,unknown
Stefania Di Tommaso,N/A,N/A,A.02.03 - POSTER - EO for Agriculture Under Pressure,female,unknown,unknown
Itxaso Aranguren,N/A,N/A,A.02.03 - POSTER - EO for Agriculture Under Pressure,female,unknown,unknown
Roshanak Darvishzadeh,N/A,N/A,A.02.03 - POSTER - EO for Agriculture Under Pressure,unknown,unknown,unknown
Mirna Bušić,N/A,N/A,A.02.03 - POSTER - EO for Agriculture Under Pressure,female,unknown,unknown
Vojtěch Lukas,N/A,N/A,A.02.03 - POSTER - EO for Agriculture Under Pressure,male,unknown,unknown
Saeid Homayouni,N/A,N/A,A.02.03 - POSTER - EO for Agriculture Under Pressure,unknown,unknown,unknown
Emanuel Büechi,N/A,N/A,A.02.03 - POSTER - EO for Agriculture Under Pressure,male,unknown,unknown
Maxime Troiani,N/A,N/A,A.02.03 - POSTER - EO for Agriculture Under Pressure,mostly_male,unknown,unknown
Juan Carlos Laso Bayas,N/A,N/A,A.02.03 - POSTER - EO for Agriculture Under Pressure,male,unknown,unknown
Fiona Imbali,N/A,N/A,A.02.03 - POSTER - EO for Agriculture Under Pressure,female,unknown,unknown
Gerald Blasch,N/A,N/A,A.02.03 - POSTER - EO for Agriculture Under Pressure,male,unknown,unknown
Paolo Dal Lago,N/A,N/A,A.02.03 - POSTER - EO for Agriculture Under Pressure,male,unknown,unknown
Anne Schucknecht,N/A,N/A,A.02.03 - POSTER - EO for Agriculture Under Pressure,female,unknown,unknown
Vasiliki Thomopoulou,N/A,N/A,A.02.03 - POSTER - EO for Agriculture Under Pressure,female,unknown,unknown
Deepthi Konche,N/A,N/A,A.02.03 - POSTER - EO for Agriculture Under Pressure,unknown,unknown,unknown
Melina Maria Zempila,N/A,N/A,A.02.03 - POSTER - EO for Agriculture Under Pressure,female,unknown,unknown
Mauro Roscini,N/A,N/A,A.02.03 - POSTER - EO for Agriculture Under Pressure,male,unknown,unknown
Robert O'Loughlin,N/A,N/A,A.02.03 - POSTER - EO for Agriculture Under Pressure,male,unknown,unknown
Ben Cutting,N/A,N/A,A.02.03 - POSTER - EO for Agriculture Under Pressure,male,unknown,unknown
Jakob Martius,N/A,N/A,A.02.03 - POSTER - EO for Agriculture Under Pressure,male,unknown,unknown
Nicola Paciolla,N/A,N/A,A.02.03 - POSTER - EO for Agriculture Under Pressure,female,unknown,unknown
Heike Gerighausen,N/A,N/A,A.02.03 - POSTER - EO for Agriculture Under Pressure,female,unknown,unknown
Caglar Senaras,N/A,N/A,A.02.03 - POSTER - EO for Agriculture Under Pressure,unknown,unknown,unknown
Melina Maria Zempila,N/A,N/A,A.02.03 - POSTER - EO for Agriculture Under Pressure,female,unknown,unknown
Sami NAJEM,N/A,N/A,A.02.03 - POSTER - EO for Agriculture Under Pressure,male,unknown,unknown
Benjamie Lavie,N/A,N/A,A.02.03 - POSTER - EO for Agriculture Under Pressure,unknown,unknown,unknown
Italo Moletto-Lobos,N/A,N/A,A.02.03 - POSTER - EO for Agriculture Under Pressure,male,unknown,unknown
Raquel Lladro Climent,N/A,N/A,A.02.03 - POSTER - EO for Agriculture Under Pressure,female,unknown,unknown
Auréa Pottier,N/A,N/A,A.02.03 - POSTER - EO for Agriculture Under Pressure,unknown,unknown,unknown
Swarnalee Mazumder,N/A,N/A,A.02.03 - POSTER - EO for Agriculture Under Pressure,unknown,unknown,unknown
Vanessa Streifeneder,N/A,N/A,A.02.03 - POSTER - EO for Agriculture Under Pressure,female,unknown,unknown
Ask Holm Carlsen,N/A,N/A,A.02.03 - POSTER - EO for Agriculture Under Pressure,unknown,unknown,unknown
Yongzhe Chen,N/A,N/A,A.02.03 - POSTER - EO for Agriculture Under Pressure,unknown,unknown,unknown
Katie Gold,N/A,N/A,A.02.03 - POSTER - EO for Agriculture Under Pressure,female,unknown,unknown
Sarah Asam,N/A,N/A,A.02.03 - POSTER - EO for Agriculture Under Pressure,female,unknown,unknown
Filippo Bocchino,N/A,N/A,A.02.03 - POSTER - EO for Agriculture Under Pressure,male,unknown,unknown
Boudewijn van Leeuwen,N/A,N/A,A.02.03 - POSTER - EO for Agriculture Under Pressure,male,unknown,unknown
Beth Delaney,N/A,N/A,A.02.03 - POSTER - EO for Agriculture Under Pressure,female,unknown,unknown
Felicia O. Akinyemi,N/A,N/A,A.02.03 - POSTER - EO for Agriculture Under Pressure,female,unknown,unknown
Sai Ganesh Veeravalli,N/A,N/A,A.02.03 - POSTER - EO for Agriculture Under Pressure,andy,unknown,unknown
Italo Moletto-Lobos,N/A,N/A,A.02.03 - POSTER - EO for Agriculture Under Pressure,male,unknown,unknown
Quentin Deffense,N/A,N/A,A.02.03 - POSTER - EO for Agriculture Under Pressure,male,unknown,unknown
Emanuele Setale,N/A,N/A,A.02.03 - POSTER - EO for Agriculture Under Pressure,male,unknown,unknown
Florian Schlenz,N/A,N/A,A.02.03 - POSTER - EO for Agriculture Under Pressure,male,unknown,unknown
Leandro Parente,N/A,N/A,A.02.03 - POSTER - EO for Agriculture Under Pressure,male,unknown,unknown
Qiangyi Yu,N/A,N/A,A.02.03 - POSTER - EO for Agriculture Under Pressure,unknown,unknown,unknown
Martin Claverie,N/A,N/A,A.02.03 - POSTER - EO for Agriculture Under Pressure,male,unknown,unknown
Katarzyna Cyran,N/A,N/A,A.02.03 - POSTER - EO for Agriculture Under Pressure,female,unknown,unknown
Guillaume Jadot,N/A,N/A,A.02.03 - POSTER - EO for Agriculture Under Pressure,male,unknown,unknown
Massimo Barbieri,N/A,N/A,A.02.03 - POSTER - EO for Agriculture Under Pressure,male,unknown,unknown
Burcu Suslu Algur,N/A,N/A,A.02.03 - POSTER - EO for Agriculture Under Pressure,female,unknown,unknown
Matteo G. Ziliani,N/A,N/A,A.02.03 - POSTER - EO for Agriculture Under Pressure,male,unknown,unknown
Amanda Veloso,N/A,N/A,A.02.03 - POSTER - EO for Agriculture Under Pressure,female,unknown,unknown
PhD Pietro Sciusco,N/A,N/A,A.02.03 - POSTER - EO for Agriculture Under Pressure,male,unknown,unknown
Christoph Jörges,N/A,N/A,A.02.03 - POSTER - EO for Agriculture Under Pressure,male,unknown,unknown
Margot Ridderikhoff,N/A,N/A,A.02.03 - POSTER - EO for Agriculture Under Pressure,female,unknown,unknown
Xin HUANG,N/A,N/A,A.02.03 - POSTER - EO for Agriculture Under Pressure,andy,unknown,unknown
Juan M Lopez-Sanchez,N/A,N/A,A.02.03 - POSTER - EO for Agriculture Under Pressure,male,unknown,unknown
Denise Dejon,N/A,N/A,A.02.03 - POSTER - EO for Agriculture Under Pressure,female,unknown,unknown
Roshanak Darvishzadeh Varchehi,N/A,N/A,A.02.03 - POSTER - EO for Agriculture Under Pressure,unknown,unknown,unknown
Marco Schmidt,N/A,N/A,A.02.03 - POSTER - EO for Agriculture Under Pressure,male,unknown,unknown
Esther Shupel Ibrahim,N/A,N/A,A.02.03 - POSTER - EO for Agriculture Under Pressure,female,unknown,unknown
Mathilde De Vroey,N/A,N/A,A.02.03 - POSTER - EO for Agriculture Under Pressure,female,unknown,unknown
Manuele Ragazzi,N/A,N/A,A.02.03 - POSTER - EO for Agriculture Under Pressure,male,unknown,unknown
Boris Norgaard,N/A,N/A,A.02.03 - POSTER - EO for Agriculture Under Pressure,male,unknown,unknown
Michael Humber,N/A,N/A,A.02.03 - POSTER - EO for Agriculture Under Pressure,male,unknown,unknown
Vivien Sainte Fare Garnot,N/A,N/A,A.02.03 - POSTER - EO for Agriculture Under Pressure,mostly_female,unknown,unknown
Shahla Yadollahi,N/A,N/A,A.02.03 - POSTER - EO for Agriculture Under Pressure,female,unknown,unknown
Radek Malinowski,N/A,N/A,A.02.03 - POSTER - EO for Agriculture Under Pressure,male,unknown,unknown
Saeid Homayouni,N/A,N/A,A.02.03 - POSTER - EO for Agriculture Under Pressure,unknown,unknown,unknown
Lea Dujic Rodic,N/A,N/A,A.02.03 - POSTER - EO for Agriculture Under Pressure,female,unknown,unknown
Niels Lakämper,N/A,N/A,A.02.03 - POSTER - EO for Agriculture Under Pressure,male,unknown,unknown
Peter Navratil,N/A,N/A,A.02.03 - POSTER - EO for Agriculture Under Pressure,male,unknown,unknown
Tian Hu,N/A,N/A,A.02.03 - POSTER - EO for Agriculture Under Pressure,andy,unknown,unknown
Filippo Bocchino,N/A,N/A,A.02.03 - POSTER - EO for Agriculture Under Pressure,male,unknown,unknown
Paul Joseph,N/A,N/A,A.02.03 - POSTER - EO for Agriculture Under Pressure,male,unknown,unknown
Johannes Löw,N/A,N/A,A.02.03 - POSTER - EO for Agriculture Under Pressure,male,unknown,unknown
Marco Spagnolli,N/A,N/A,A.02.03 - POSTER - EO for Agriculture Under Pressure,male,unknown,unknown
Lorenzo De Simone,N/A,N/A,A.02.03 - POSTER - EO for Agriculture Under Pressure,male,unknown,unknown
Laura Sironi,N/A,N/A,A.02.03 - POSTER - EO for Agriculture Under Pressure,female,unknown,unknown
Maren Pukrop,N/A,N/A,A.02.03 - POSTER - EO for Agriculture Under Pressure,female,unknown,unknown
Mikhail Urbazaev,N/A,N/A,A.03.01 - POSTER - Global Carbon Budgets and Earth Observation,male,unknown,unknown
Qian Song,N/A,N/A,A.03.01 - POSTER - Global Carbon Budgets and Earth Observation,andy,unknown,unknown
Hajar Saad El Imanni,N/A,N/A,A.03.01 - POSTER - Global Carbon Budgets and Earth Observation,unknown,unknown,unknown
Maciej Soja,N/A,N/A,A.03.01 - POSTER - Global Carbon Budgets and Earth Observation,male,unknown,unknown
Wenhao Liu,N/A,N/A,A.03.01 - POSTER - Global Carbon Budgets and Earth Observation,unknown,unknown,unknown
Guohua Liu,N/A,N/A,A.03.01 - POSTER - Global Carbon Budgets and Earth Observation,unknown,unknown,unknown
Scott Barningham,N/A,N/A,A.03.01 - POSTER - Global Carbon Budgets and Earth Observation,male,unknown,unknown
Dmitry Schepaschenko,N/A,N/A,A.03.01 - POSTER - Global Carbon Budgets and Earth Observation,male,unknown,unknown
Lulu Si,N/A,N/A,A.08.02 - POSTER - Advances in the theory and methodology of SAR Oceanography,male,unknown,unknown
Mozhgan Zahribanhesari,N/A,N/A,A.08.02 - POSTER - Advances in the theory and methodology of SAR Oceanography,unknown,unknown,unknown
Emlyn Hagen,N/A,N/A,A.08.02 - POSTER - Advances in the theory and methodology of SAR Oceanography,mostly_female,unknown,unknown
Christoph Schnupfhagn,N/A,N/A,A.08.02 - POSTER - Advances in the theory and methodology of SAR Oceanography,male,unknown,unknown
Angela Carmen Cristofano,N/A,N/A,A.08.02 - POSTER - Advances in the theory and methodology of SAR Oceanography,female,unknown,unknown
Thomas Nagler,N/A,N/A,A.09.11 - POSTER - Snow in the cryosphere: improving observations and modelling,male,unknown,unknown
Alice Carret,N/A,N/A,A.09.11 - POSTER - Snow in the cryosphere: improving observations and modelling,female,unknown,unknown
Hans Lievens,N/A,N/A,A.09.11 - POSTER - Snow in the cryosphere: improving observations and modelling,male,unknown,unknown
Jeffrey Welch,N/A,N/A,A.09.11 - POSTER - Snow in the cryosphere: improving observations and modelling,male,unknown,unknown
Dilbara Abdushukurova,N/A,N/A,A.09.11 - POSTER - Snow in the cryosphere: improving observations and modelling,unknown,unknown,unknown
Pierre Zeiger,N/A,N/A,A.09.11 - POSTER - Snow in the cryosphere: improving observations and modelling,male,unknown,unknown
Christian Sommer,N/A,N/A,A.09.11 - POSTER - Snow in the cryosphere: improving observations and modelling,male,unknown,unknown
Susheel Adusumilli,N/A,N/A,A.09.11 - POSTER - Snow in the cryosphere: improving observations and modelling,unknown,unknown,unknown
Iris de Gélis,N/A,N/A,A.09.11 - POSTER - Snow in the cryosphere: improving observations and modelling,female,unknown,unknown
Janna Rückert,N/A,N/A,A.09.11 - POSTER - Snow in the cryosphere: improving observations and modelling,female,unknown,unknown
Emanuele Mariani,N/A,N/A,A.09.11 - POSTER - Snow in the cryosphere: improving observations and modelling,male,unknown,unknown
Nina Maaß,N/A,N/A,A.09.11 - POSTER - Snow in the cryosphere: improving observations and modelling,female,unknown,unknown
Valentina Premier,N/A,N/A,A.09.11 - POSTER - Snow in the cryosphere: improving observations and modelling,female,unknown,unknown
Bastien Delacroix,N/A,N/A,A.09.11 - POSTER - Snow in the cryosphere: improving observations and modelling,male,unknown,unknown
Nicola Imperatore,N/A,N/A,A.09.11 - POSTER - Snow in the cryosphere: improving observations and modelling,female,unknown,unknown
Kjetil Melvold,N/A,N/A,A.09.11 - POSTER - Snow in the cryosphere: improving observations and modelling,male,unknown,unknown
Lanqing Huang,N/A,N/A,A.09.11 - POSTER - Snow in the cryosphere: improving observations and modelling,unknown,unknown,unknown
Emmihenna Jääskeläinen,N/A,N/A,A.09.11 - POSTER - Snow in the cryosphere: improving observations and modelling,unknown,unknown,unknown
Shruti Pancholi,N/A,N/A,A.09.11 - POSTER - Snow in the cryosphere: improving observations and modelling,female,unknown,unknown
Michel TSAMADOS,N/A,N/A,A.09.11 - POSTER - Snow in the cryosphere: improving observations and modelling,male,unknown,unknown
Mel Sandells,N/A,N/A,A.09.11 - POSTER - Snow in the cryosphere: improving observations and modelling,mostly_female,unknown,unknown
Claudia Ravasio,N/A,N/A,A.09.11 - POSTER - Snow in the cryosphere: improving observations and modelling,female,unknown,unknown
Alexander Kokhanovsky,N/A,N/A,A.09.11 - POSTER - Snow in the cryosphere: improving observations and modelling,male,unknown,unknown
Daniele Sampietro,N/A,N/A,A.10.03 - POSTER - Our solid Earth: from core to surface,female,unknown,unknown
Imeime Uyo,N/A,N/A,A.10.03 - POSTER - Our solid Earth: from core to surface,unknown,unknown,unknown
Angelo De Santis,N/A,N/A,A.10.03 - POSTER - Our solid Earth: from core to surface,male,unknown,unknown
Zdeněk Martinec,N/A,N/A,A.10.03 - POSTER - Our solid Earth: from core to surface,unknown,unknown,unknown
Loredana Perrone,N/A,N/A,A.10.03 - POSTER - Our solid Earth: from core to surface,female,unknown,unknown
Kazuma Nakakoji,N/A,N/A,A.10.03 - POSTER - Our solid Earth: from core to surface,male,unknown,unknown
Bart Root,N/A,N/A,A.10.03 - POSTER - Our solid Earth: from core to surface,male,unknown,unknown
Gerardo Maurizio,N/A,N/A,A.10.03 - POSTER - Our solid Earth: from core to surface,male,unknown,unknown
Jingtao Min,N/A,N/A,A.10.03 - POSTER - Our solid Earth: from core to surface,unknown,unknown,unknown
Dominique Jault,N/A,N/A,A.10.03 - POSTER - Our solid Earth: from core to surface,andy,unknown,unknown
Wolfgang Szwillus,N/A,N/A,A.10.03 - POSTER - Our solid Earth: from core to surface,male,unknown,unknown
Imeime Uyo,N/A,N/A,A.10.03 - POSTER - Our solid Earth: from core to surface,unknown,unknown,unknown
Bart Root,N/A,N/A,A.10.03 - POSTER - Our solid Earth: from core to surface,male,unknown,unknown
Ehsan Forootan,N/A,N/A,A.10.03 - POSTER - Our solid Earth: from core to surface,male,unknown,unknown
Felix Gerick,N/A,N/A,A.10.03 - POSTER - Our solid Earth: from core to surface,male,unknown,unknown
Jing Hou,N/A,N/A,A.10.03 - POSTER - Our solid Earth: from core to surface,andy,unknown,unknown
Alice Hopkins,N/A,N/A,A.10.03 - POSTER - Our solid Earth: from core to surface,female,unknown,unknown
Yaxin Bi,N/A,N/A,A.10.03 - POSTER - Our solid Earth: from core to surface,unknown,unknown,unknown
Faiza Azam,N/A,N/A,B.03.08 - POSTER - Earth Observation in support of the energy transition,female,unknown,unknown
Philipp Gärtner,N/A,N/A,B.03.08 - POSTER - Earth Observation in support of the energy transition,male,unknown,unknown
Maria Panfilova,N/A,N/A,B.03.08 - POSTER - Earth Observation in support of the energy transition,female,unknown,unknown
Giulia Ronchetti,N/A,N/A,B.03.08 - POSTER - Earth Observation in support of the energy transition,female,unknown,unknown
Alejandro Sánchez de Miguel,N/A,N/A,B.03.08 - POSTER - Earth Observation in support of the energy transition,male,unknown,unknown
Maria Panfilova,N/A,N/A,B.03.08 - POSTER - Earth Observation in support of the energy transition,female,unknown,unknown
Martina Aiello,N/A,N/A,B.03.08 - POSTER - Earth Observation in support of the energy transition,female,unknown,unknown
Philipp Gärtner,N/A,N/A,B.03.08 - POSTER - Earth Observation in support of the energy transition,male,unknown,unknown
Johannes Albert,N/A,N/A,B.03.08 - POSTER - Earth Observation in support of the energy transition,male,unknown,unknown
Dora Hegedus,N/A,N/A,B.03.08 - POSTER - Earth Observation in support of the energy transition,female,unknown,unknown
Andrés Orejarena,N/A,N/A,B.03.08 - POSTER - Earth Observation in support of the energy transition,unknown,unknown,unknown
Roberto Cilli,N/A,N/A,B.04.03 - POSTER - Integrating multi-sensor Earth Observation data to improve natural hazard monitoring,male,unknown,unknown
Jan Blachowski,N/A,N/A,B.04.03 - POSTER - Integrating multi-sensor Earth Observation data to improve natural hazard monitoring,male,unknown,unknown
Raphael Grandin,N/A,N/A,B.04.03 - POSTER - Integrating multi-sensor Earth Observation data to improve natural hazard monitoring,male,unknown,unknown
Giovanni Salvatore Di Bella,N/A,N/A,B.04.03 - POSTER - Integrating multi-sensor Earth Observation data to improve natural hazard monitoring,male,unknown,unknown
Jianan Li,N/A,N/A,B.04.03 - POSTER - Integrating multi-sensor Earth Observation data to improve natural hazard monitoring,unknown,unknown,unknown
Zbigniew Perski,N/A,N/A,B.04.03 - POSTER - Integrating multi-sensor Earth Observation data to improve natural hazard monitoring,male,unknown,unknown
Angelo Sozio,N/A,N/A,B.04.03 - POSTER - Integrating multi-sensor Earth Observation data to improve natural hazard monitoring,male,unknown,unknown
Megan Udy,N/A,N/A,B.04.03 - POSTER - Integrating multi-sensor Earth Observation data to improve natural hazard monitoring,female,unknown,unknown
Constantijn Vleugels,N/A,N/A,B.04.03 - POSTER - Integrating multi-sensor Earth Observation data to improve natural hazard monitoring,male,unknown,unknown
Alexandru Mihai Lapadat,N/A,N/A,B.04.03 - POSTER - Integrating multi-sensor Earth Observation data to improve natural hazard monitoring,male,unknown,unknown
Eleftheria Basiou,N/A,N/A,B.04.03 - POSTER - Integrating multi-sensor Earth Observation data to improve natural hazard monitoring,female,unknown,unknown
Giulia Panegrossi,N/A,N/A,B.04.03 - POSTER - Integrating multi-sensor Earth Observation data to improve natural hazard monitoring,female,unknown,unknown
Alyaa Dashti,N/A,N/A,B.04.03 - POSTER - Integrating multi-sensor Earth Observation data to improve natural hazard monitoring,unknown,unknown,unknown
Artemis Tsagkou,N/A,N/A,B.04.03 - POSTER - Integrating multi-sensor Earth Observation data to improve natural hazard monitoring,female,unknown,unknown
Msc. Akram Mahan,N/A,N/A,B.04.03 - POSTER - Integrating multi-sensor Earth Observation data to improve natural hazard monitoring,unknown,unknown,unknown
Edna W Dualeh,N/A,N/A,B.04.03 - POSTER - Integrating multi-sensor Earth Observation data to improve natural hazard monitoring,female,unknown,unknown
Hsun-yan Liu,N/A,N/A,B.04.03 - POSTER - Integrating multi-sensor Earth Observation data to improve natural hazard monitoring,unknown,unknown,unknown
Ebrahim Ghaderpour,N/A,N/A,B.04.03 - POSTER - Integrating multi-sensor Earth Observation data to improve natural hazard monitoring,male,unknown,unknown
Aleksandra Smentek,N/A,N/A,B.04.03 - POSTER - Integrating multi-sensor Earth Observation data to improve natural hazard monitoring,female,unknown,unknown
Zoe Helbing,N/A,N/A,B.04.03 - POSTER - Integrating multi-sensor Earth Observation data to improve natural hazard monitoring,female,unknown,unknown
Wilson Andres Velasquez Hurtado,N/A,N/A,B.04.03 - POSTER - Integrating multi-sensor Earth Observation data to improve natural hazard monitoring,male,unknown,unknown
Katarzyna Malinowska,N/A,N/A,B.04.03 - POSTER - Integrating multi-sensor Earth Observation data to improve natural hazard monitoring,female,unknown,unknown
Marco La Salandra,N/A,N/A,B.04.03 - POSTER - Integrating multi-sensor Earth Observation data to improve natural hazard monitoring,male,unknown,unknown
Daniel Loos,N/A,N/A,C.01.07 - POSTER - Discrete Global Grid Systems (DGGS),male,unknown,unknown
Michael Jendryke,N/A,N/A,C.01.07 - POSTER - Discrete Global Grid Systems (DGGS),male,unknown,unknown
Justus Magin,N/A,N/A,C.01.07 - POSTER - Discrete Global Grid Systems (DGGS),male,unknown,unknown
Alexander Kmoch,N/A,N/A,C.01.07 - POSTER - Discrete Global Grid Systems (DGGS),male,unknown,unknown
Jean-Marc Delouis,N/A,N/A,C.01.07 - POSTER - Discrete Global Grid Systems (DGGS),male,unknown,unknown
Matthew Purss,N/A,N/A,C.01.07 - POSTER - Discrete Global Grid Systems (DGGS),male,unknown,unknown
Stefan Muehlbauer,N/A,N/A,C.03.01 - POSTER - The Sentinel User Preparation Initiative for High-Priority Applications,male,unknown,unknown
Anke Schickling,N/A,N/A,C.03.01 - POSTER - The Sentinel User Preparation Initiative for High-Priority Applications,female,unknown,unknown
Malcolm Davidson,N/A,N/A,C.03.01 - POSTER - The Sentinel User Preparation Initiative for High-Priority Applications,male,unknown,unknown
Maria Kremezi,N/A,N/A,C.03.01 - POSTER - The Sentinel User Preparation Initiative for High-Priority Applications,female,unknown,unknown
Tazio Strozzi,N/A,N/A,C.03.01 - POSTER - The Sentinel User Preparation Initiative for High-Priority Applications,male,unknown,unknown
Paulina Bartkowiak,N/A,N/A,C.03.01 - POSTER - The Sentinel User Preparation Initiative for High-Priority Applications,female,unknown,unknown
Till Andreas Soya Rasmussen,N/A,N/A,C.03.01 - POSTER - The Sentinel User Preparation Initiative for High-Priority Applications,male,unknown,unknown
Nicolas Taburet,N/A,N/A,"C.03.05 - POSTER - Copernicus CRISTAL: Operational Monitoring for Cryospheric Science, Hydrology, and Oceanography from Coasts to Polar Seas",male,unknown,unknown
Stelios Mertikas,N/A,N/A,"C.03.05 - POSTER - Copernicus CRISTAL: Operational Monitoring for Cryospheric Science, Hydrology, and Oceanography from Coasts to Polar Seas",male,unknown,unknown
Rasmus Tonboe,N/A,N/A,"C.03.05 - POSTER - Copernicus CRISTAL: Operational Monitoring for Cryospheric Science, Hydrology, and Oceanography from Coasts to Polar Seas",male,unknown,unknown
Juan Pedro López-Zaragoza,N/A,N/A,"C.03.05 - POSTER - Copernicus CRISTAL: Operational Monitoring for Cryospheric Science, Hydrology, and Oceanography from Coasts to Polar Seas",male,unknown,unknown
Claire Miller,N/A,N/A,"C.03.05 - POSTER - Copernicus CRISTAL: Operational Monitoring for Cryospheric Science, Hydrology, and Oceanography from Coasts to Polar Seas",female,unknown,unknown
Alamgir Hossan,N/A,N/A,"C.03.05 - POSTER - Copernicus CRISTAL: Operational Monitoring for Cryospheric Science, Hydrology, and Oceanography from Coasts to Polar Seas",male,unknown,unknown
Charlie McKeown,N/A,N/A,"C.03.05 - POSTER - Copernicus CRISTAL: Operational Monitoring for Cryospheric Science, Hydrology, and Oceanography from Coasts to Polar Seas",mostly_male,unknown,unknown
Pablo García Arnaud,N/A,N/A,"C.03.05 - POSTER - Copernicus CRISTAL: Operational Monitoring for Cryospheric Science, Hydrology, and Oceanography from Coasts to Polar Seas",male,unknown,unknown
Tsz Yan Leung,N/A,N/A,"C.03.05 - POSTER - Copernicus CRISTAL: Operational Monitoring for Cryospheric Science, Hydrology, and Oceanography from Coasts to Polar Seas",unknown,unknown,unknown
Michele Scagliola,N/A,N/A,"C.03.05 - POSTER - Copernicus CRISTAL: Operational Monitoring for Cryospheric Science, Hydrology, and Oceanography from Coasts to Polar Seas",female,unknown,unknown
Valeria Gracheva,N/A,N/A,"C.03.05 - POSTER - Copernicus CRISTAL: Operational Monitoring for Cryospheric Science, Hydrology, and Oceanography from Coasts to Polar Seas",female,unknown,unknown
Timur Mulic,N/A,N/A,"C.03.05 - POSTER - Copernicus CRISTAL: Operational Monitoring for Cryospheric Science, Hydrology, and Oceanography from Coasts to Polar Seas",male,unknown,unknown
Albert Garcia-Mondéjar,N/A,N/A,"C.03.05 - POSTER - Copernicus CRISTAL: Operational Monitoring for Cryospheric Science, Hydrology, and Oceanography from Coasts to Polar Seas",male,unknown,unknown
Claire LEJOSNE,N/A,N/A,C.03.06 - POSTER - Synergy of visible and infrared measurements for Earth surface applications,female,unknown,unknown
Tomasz Dąbrowa,N/A,N/A,C.03.06 - POSTER - Synergy of visible and infrared measurements for Earth surface applications,male,unknown,unknown
Gohar Ghazaryan,N/A,N/A,C.03.06 - POSTER - Synergy of visible and infrared measurements for Earth surface applications,female,unknown,unknown
Stuart Phinn,N/A,N/A,C.03.06 - POSTER - Synergy of visible and infrared measurements for Earth surface applications,male,unknown,unknown
Marta Luffarelli,N/A,N/A,C.05.01 - POSTER - PROBA-V and PV-CC,female,unknown,unknown
Luis Gómez-Chova,N/A,N/A,C.05.01 - POSTER - PROBA-V and PV-CC,male,unknown,unknown
Frazer Christie,N/A,N/A,C.06.05 - POSTER - CEOS Analysis Ready Data (CEOS-ARD),male,unknown,unknown
Jerome Louis,N/A,N/A,C.06.05 - POSTER - CEOS Analysis Ready Data (CEOS-ARD),male,unknown,unknown
Carsten Brockmann,N/A,N/A,C.06.05 - POSTER - CEOS Analysis Ready Data (CEOS-ARD),male,unknown,unknown
Frazer Christie,N/A,N/A,C.06.05 - POSTER - CEOS Analysis Ready Data (CEOS-ARD),male,unknown,unknown
Jonathon Ross,N/A,N/A,C.06.05 - POSTER - CEOS Analysis Ready Data (CEOS-ARD),male,unknown,unknown
David Small,N/A,N/A,C.06.05 - POSTER - CEOS Analysis Ready Data (CEOS-ARD),male,unknown,unknown
Camille Desjardins,N/A,N/A,C.06.09 - POSTER - CAL/VAL towards future VNIR/SWIR imaging spectroscopy,mostly_female,unknown,unknown
Luis Gonzalez Vilas,N/A,N/A,C.06.09 - POSTER - CAL/VAL towards future VNIR/SWIR imaging spectroscopy,male,unknown,unknown
Pieter de Vis,N/A,N/A,C.06.09 - POSTER - CAL/VAL towards future VNIR/SWIR imaging spectroscopy,male,unknown,unknown
Martin Bachmann,N/A,N/A,C.06.09 - POSTER - CAL/VAL towards future VNIR/SWIR imaging spectroscopy,male,unknown,unknown
Vincent Leroy,N/A,N/A,C.06.09 - POSTER - CAL/VAL towards future VNIR/SWIR imaging spectroscopy,male,unknown,unknown
Alejandra Rios,N/A,N/A,D.01.02 - POSTER - Technological Innovations for a Digital Twin of the Earth system,female,unknown,unknown
Björn Backeberg,N/A,N/A,D.01.02 - POSTER - Technological Innovations for a Digital Twin of the Earth system,unknown,unknown,unknown
Akram Zaytar,N/A,N/A,D.01.02 - POSTER - Technological Innovations for a Digital Twin of the Earth system,male,unknown,unknown
Axel Rochel,N/A,N/A,D.01.02 - POSTER - Technological Innovations for a Digital Twin of the Earth system,male,unknown,unknown
Cristina Ruiz Villena,N/A,N/A,D.01.02 - POSTER - Technological Innovations for a Digital Twin of the Earth system,female,unknown,unknown
Matteo Cortese,N/A,N/A,D.01.02 - POSTER - Technological Innovations for a Digital Twin of the Earth system,male,unknown,unknown
Heikki Astola,N/A,N/A,D.01.02 - POSTER - Technological Innovations for a Digital Twin of the Earth system,male,unknown,unknown
Alvaro Lau,N/A,N/A,D.01.02 - POSTER - Technological Innovations for a Digital Twin of the Earth system,male,unknown,unknown
Henry de Waziers,N/A,N/A,D.01.02 - POSTER - Technological Innovations for a Digital Twin of the Earth system,male,unknown,unknown
Henry de Waziers,N/A,N/A,D.01.02 - POSTER - Technological Innovations for a Digital Twin of the Earth system,male,unknown,unknown
Simone Mantovani,N/A,N/A,D.01.02 - POSTER - Technological Innovations for a Digital Twin of the Earth system,female,unknown,unknown
Patryk Grzybowski,N/A,N/A,D.01.02 - POSTER - Technological Innovations for a Digital Twin of the Earth system,male,unknown,unknown
Francesco Vuolo,N/A,N/A,D.01.02 - POSTER - Technological Innovations for a Digital Twin of the Earth system,male,unknown,unknown
Genc Hoxha,N/A,N/A,D.01.02 - POSTER - Technological Innovations for a Digital Twin of the Earth system,male,unknown,unknown
Jean Baptiste Barré,N/A,N/A,D.03.02 - POSTER -Free Open Source Software for the Geospatial Domain: current status & evolution,male,unknown,unknown
Thierry Koleck,N/A,N/A,D.03.02 - POSTER -Free Open Source Software for the Geospatial Domain: current status & evolution,male,unknown,unknown
Alice de Bardonnèche-Richard,N/A,N/A,D.03.02 - POSTER -Free Open Source Software for the Geospatial Domain: current status & evolution,female,unknown,unknown
Nils Lehmann,N/A,N/A,D.03.02 - POSTER -Free Open Source Software for the Geospatial Domain: current status & evolution,male,unknown,unknown
Adam J. Stewart,N/A,N/A,D.03.02 - POSTER -Free Open Source Software for the Geospatial Domain: current status & evolution,male,unknown,unknown
Mickael Savinaud,N/A,N/A,D.03.02 - POSTER -Free Open Source Software for the Geospatial Domain: current status & evolution,male,unknown,unknown
James Hinton,N/A,N/A,D.03.02 - POSTER -Free Open Source Software for the Geospatial Domain: current status & evolution,male,unknown,unknown
Richard Conway,N/A,N/A,D.03.02 - POSTER -Free Open Source Software for the Geospatial Domain: current status & evolution,male,unknown,unknown
Andreas Piter,N/A,N/A,D.03.02 - POSTER -Free Open Source Software for the Geospatial Domain: current status & evolution,male,unknown,unknown
Emmanuel Mathot,N/A,N/A,D.03.02 - POSTER -Free Open Source Software for the Geospatial Domain: current status & evolution,male,unknown,unknown
Mario Winkler,N/A,N/A,D.03.02 - POSTER -Free Open Source Software for the Geospatial Domain: current status & evolution,male,unknown,unknown
Stefan Blumentrath,N/A,N/A,D.03.02 - POSTER -Free Open Source Software for the Geospatial Domain: current status & evolution,male,unknown,unknown
Baturalp Arisoy,N/A,N/A,D.03.02 - POSTER -Free Open Source Software for the Geospatial Domain: current status & evolution,unknown,unknown,unknown
Carsten Brockmann,N/A,N/A,D.03.02 - POSTER -Free Open Source Software for the Geospatial Domain: current status & evolution,male,unknown,unknown
Tomasz Furtak,N/A,N/A,D.03.02 - POSTER -Free Open Source Software for the Geospatial Domain: current status & evolution,male,unknown,unknown
Jakob Gawlikowski,N/A,N/A,D.06.01 - POSTER -Orbital Intelligence for Earth Observation applications: The edge of AI In Space,male,unknown,unknown
Jakub Nalepa,N/A,N/A,D.06.01 - POSTER -Orbital Intelligence for Earth Observation applications: The edge of AI In Space,male,unknown,unknown
Tom Hendrix,N/A,N/A,D.06.01 - POSTER -Orbital Intelligence for Earth Observation applications: The edge of AI In Space,male,unknown,unknown
Armando La Rocca,N/A,N/A,D.06.01 - POSTER -Orbital Intelligence for Earth Observation applications: The edge of AI In Space,male,unknown,unknown
Matt Cross,N/A,N/A,D.06.01 - POSTER -Orbital Intelligence for Earth Observation applications: The edge of AI In Space,male,unknown,unknown
Francesca Razzano,N/A,N/A,D.06.01 - POSTER -Orbital Intelligence for Earth Observation applications: The edge of AI In Space,female,unknown,unknown
Stefania Amici,N/A,N/A,D.06.01 - POSTER -Orbital Intelligence for Earth Observation applications: The edge of AI In Space,female,unknown,unknown
Xenia Ivashkovych,N/A,N/A,D.06.01 - POSTER -Orbital Intelligence for Earth Observation applications: The edge of AI In Space,female,unknown,unknown
Lucy Donnell,N/A,N/A,D.06.01 - POSTER -Orbital Intelligence for Earth Observation applications: The edge of AI In Space,female,unknown,unknown
Jean Iaquinta,N/A,N/A,D.06.02 -POSTER- HPC and Quantum Computing,male,unknown,unknown
Guenter Doerffel,N/A,N/A,E.01.02 - POSTER -Earth Observation in Practise: Linking Public and Commercial Data for Earth Action,unknown,unknown,unknown
Vassiliki Charalampopoulou,N/A,N/A,E.01.02 - POSTER -Earth Observation in Practise: Linking Public and Commercial Data for Earth Action,female,unknown,unknown
Serena Moretto,N/A,N/A,E.01.02 - POSTER -Earth Observation in Practise: Linking Public and Commercial Data for Earth Action,female,unknown,unknown
Ron Hagensieker,N/A,N/A,E.01.02 - POSTER -Earth Observation in Practise: Linking Public and Commercial Data for Earth Action,male,unknown,unknown
Georgina Doyle,N/A,N/A,E.01.02 - POSTER -Earth Observation in Practise: Linking Public and Commercial Data for Earth Action,female,unknown,unknown
Julie Claveau,N/A,N/A,E.01.02 - POSTER -Earth Observation in Practise: Linking Public and Commercial Data for Earth Action,female,unknown,unknown
Alberto Meroni,N/A,N/A,E.01.02 - POSTER -Earth Observation in Practise: Linking Public and Commercial Data for Earth Action,male,unknown,unknown
Marco Corsi,N/A,N/A,E.01.02 - POSTER -Earth Observation in Practise: Linking Public and Commercial Data for Earth Action,male,unknown,unknown
Alyssa Frayling,N/A,N/A,E.01.02 - POSTER -Earth Observation in Practise: Linking Public and Commercial Data for Earth Action,female,unknown,unknown
Federica Moscato,N/A,N/A,E.01.02 - POSTER -Earth Observation in Practise: Linking Public and Commercial Data for Earth Action,female,unknown,unknown
Yuwei Cai,N/A,N/A,E.01.02 - POSTER -Earth Observation in Practise: Linking Public and Commercial Data for Earth Action,unknown,unknown,unknown
Hope Irvine,N/A,N/A,E.01.02 - POSTER -Earth Observation in Practise: Linking Public and Commercial Data for Earth Action,female,unknown,unknown
Takeo Tadono,N/A,N/A,F.02.02 - POSTER - C- and L-band SAR synergies - ESA-JAXA cooperation and beyond,male,unknown,unknown
Maurizio Santoro,N/A,N/A,F.02.02 - POSTER - C- and L-band SAR synergies - ESA-JAXA cooperation and beyond,male,unknown,unknown
Kazuki Yanagiya,N/A,N/A,F.02.02 - POSTER - C- and L-band SAR synergies - ESA-JAXA cooperation and beyond,male,unknown,unknown
Francesco Mattia,N/A,N/A,F.02.02 - POSTER - C- and L-band SAR synergies - ESA-JAXA cooperation and beyond,male,unknown,unknown
Gregory Oakes,N/A,N/A,F.02.02 - POSTER - C- and L-band SAR synergies - ESA-JAXA cooperation and beyond,male,unknown,unknown
Yutaro Shigemitsu,N/A,N/A,F.02.02 - POSTER - C- and L-band SAR synergies - ESA-JAXA cooperation and beyond,unknown,unknown,unknown
Truls Karlsen,N/A,N/A,F.02.02 - POSTER - C- and L-band SAR synergies - ESA-JAXA cooperation and beyond,male,unknown,unknown
Johannes Balling,N/A,N/A,F.02.02 - POSTER - C- and L-band SAR synergies - ESA-JAXA cooperation and beyond,male,unknown,unknown
Shin-ichi Sobue,N/A,N/A,F.02.02 - POSTER - C- and L-band SAR synergies - ESA-JAXA cooperation and beyond,andy,unknown,unknown
Michael Thiel,N/A,N/A,F.02.05 - POSTER -Capacity Building and Technology Transfer in Earth Observation,male,unknown,unknown
Mihai Ivanovici,N/A,N/A,F.02.05 - POSTER -Capacity Building and Technology Transfer in Earth Observation,male,unknown,unknown
Etienne Ducasse,N/A,N/A,F.02.05 - POSTER -Capacity Building and Technology Transfer in Earth Observation,male,unknown,unknown
Silvia Liberata Ullo,N/A,N/A,F.02.05 - POSTER -Capacity Building and Technology Transfer in Earth Observation,female,unknown,unknown
Marios Tzouvaras,N/A,N/A,F.02.05 - POSTER -Capacity Building and Technology Transfer in Earth Observation,male,unknown,unknown
Qiongjie Xu,N/A,N/A,F.02.05 - POSTER -Capacity Building and Technology Transfer in Earth Observation,unknown,unknown,unknown
Carla Mae Arellano,N/A,N/A,F.02.05 - POSTER -Capacity Building and Technology Transfer in Earth Observation,female,unknown,unknown
Muhammad Badar Munir,N/A,N/A,F.02.05 - POSTER -Capacity Building and Technology Transfer in Earth Observation,male,unknown,unknown
